game,agent_a,agent_b,a_starts,winner,avg_time_p1,avg_time_p2,nodes_p1,nodes_p2
0,balanceado,RandomAgent,True,balanceado,0.7047307999649396,0.0,20325,0
1,balanceado,RandomAgent,False,balanceado,0.0,0.07877056665408115,0,2756
2,balanceado,RandomAgent,True,balanceado,0.2986308999825269,0.0,9046,0
3,balanceado,RandomAgent,False,balanceado,0.0,0.04109055001754314,0,859
4,balanceado,RandomAgent,True,balanceado,0.30143849994055927,0.0,5235,0
5,balanceado,RandomAgent,False,balanceado,0.0,0.00980756664648652,0,439
6,balanceado,RandomAgent,True,balanceado,0.5872072500642389,0.0,12565,0
7,balanceado,RandomAgent,False,RandomAgent,0.0,0.09832250000908971,0,1044
8,balanceado,RandomAgent,True,balanceado,0.36930596665479243,0.0,10312,0
9,balanceado,RandomAgent,False,balanceado,0.0,0.03404860000591725,0,772
10,balanceado,RandomAgent,True,balanceado,0.008125600055791438,0.0,193,0
11,balanceado,RandomAgent,False,balanceado,0.0,0.09382720000576228,0,2527
12,balanceado,RandomAgent,True,balanceado,0.8281841999851167,0.0,17984,0
13,balanceado,RandomAgent,False,balanceado,0.0,0.08679343333157401,0,2665
14,balanceado,RandomAgent,True,balanceado,0.5496548999799415,0.0,10752,0
15,balanceado,RandomAgent,False,balanceado,0.0,0.1365801333449781,0,5385
16,balanceado,RandomAgent,True,balanceado,0.7262654001048455,0.0,20865,0
17,balanceado,RandomAgent,False,balanceado,0.0,0.045095566737776004,0,1416
18,balanceado,RandomAgent,True,balanceado,0.64253519999329,0.0,12513,0
19,balanceado,RandomAgent,False,balanceado,0.0,0.09389213332906365,0,3249
20,balanceado,RandomAgent,True,balanceado,1.0404140999307856,0.0,20605,0
21,balanceado,RandomAgent,False,balanceado,0.0,0.04615145002026111,0,988
22,balanceado,RandomAgent,True,balanceado,0.3448450332507491,0.0,10432,0
23,balanceado,RandomAgent,False,balanceado,0.0,0.11641973334675033,0,3541
24,balanceado,RandomAgent,True,balanceado,1.029613549937494,0.0,20605,0
25,balanceado,RandomAgent,False,balanceado,0.0,0.1378223333352556,0,4385
26,balanceado,RandomAgent,True,balanceado,0.4842321666268011,0.0,14913,0
27,balanceado,RandomAgent,False,balanceado,0.0,0.0692683666323622,0,2292
28,balanceado,RandomAgent,True,balanceado,0.19245546652625004,0.0,5743,0
29,balanceado,RandomAgent,False,balanceado,0.0,0.10657576673353712,0,3931
0,balanceado,Stratagem,True,Stratagem,0.683445266680792,0.0,20220,0
1,balanceado,Stratagem,False,Stratagem,0.0,0.07670139998663217,0,2164
2,balanceado,Stratagem,True,balanceado,0.6080263500334695,0.0,12854,0
3,balanceado,Stratagem,False,balanceado,0.0,0.17173680003422,0,6170
4,balanceado,Stratagem,True,Stratagem,0.6121070000808686,0.0,12557,0
5,balanceado,Stratagem,False,balanceado,0.0,0.014600649941712618,0,377
6,balanceado,Stratagem,True,balanceado,0.11774686669620375,0.0,3886,0
7,balanceado,Stratagem,False,Stratagem,0.0,0.033003100038816534,0,1233
8,balanceado,Stratagem,True,Stratagem,0.9020162667147815,0.0,25755,0
9,balanceado,Stratagem,False,Stratagem,0.0,0.08051329990848899,0,1947
10,balanceado,Stratagem,True,balanceado,0.7478458500700071,0.0,13899,0
11,balanceado,Stratagem,False,Stratagem,0.0,0.30675214994698763,0,7861
12,balanceado,Stratagem,True,balanceado,0.12301856667424242,0.0,3960,0
13,balanceado,Stratagem,False,Stratagem,0.0,0.02506503346376121,0,1042
14,balanceado,Stratagem,True,balanceado,0.48818563336196047,0.0,14027,0
15,balanceado,Stratagem,False,Stratagem,0.0,0.06330460007302463,0,1494
16,balanceado,Stratagem,True,balanceado,0.10711903334595263,0.0,3685,0
17,balanceado,Stratagem,False,Stratagem,0.0,0.25845404993742704,0,6279
18,balanceado,Stratagem,True,Stratagem,0.896484333400925,0.0,26150,0
19,balanceado,Stratagem,False,Stratagem,0.0,0.032547799947982035,0,1233
20,balanceado,Stratagem,True,Stratagem,0.4526824999290208,0.0,12678,0
21,balanceado,Stratagem,False,balanceado,0.0,0.11962484999094158,0,2711
22,balanceado,Stratagem,True,balanceado,0.2934288999531418,0.0,5661,0
23,balanceado,Stratagem,False,Stratagem,0.0,0.14303190005011857,0,3761
24,balanceado,Stratagem,True,balanceado,0.18901163339614868,0.0,5682,0
25,balanceado,Stratagem,False,Stratagem,0.0,0.05605089998183151,0,2056
26,balanceado,Stratagem,True,Stratagem,0.3006063001230359,0.0,5357,0
27,balanceado,Stratagem,False,Stratagem,0.0,0.23987845005467534,0,5390
28,balanceado,Stratagem,True,balanceado,0.6527072499739006,0.0,12513,0
29,balanceado,Stratagem,False,Stratagem,0.0,0.1820543500361964,0,4119
30,balanceado,Stratagem,True,balanceado,0.43721745000220835,0.0,8700,0
31,balanceado,Stratagem,False,Stratagem,0.0,0.1915507500525564,0,4929
32,balanceado,Stratagem,True,balanceado,0.42682234989479184,0.0,8799,0
33,balanceado,Stratagem,False,Stratagem,0.0,0.07699974998831749,0,1954
34,balanceado,Stratagem,True,balanceado,0.20797286656064293,0.0,5519,0
35,balanceado,Stratagem,False,balanceado,0.0,0.06639293332894643,0,2293
36,balanceado,Stratagem,True,Stratagem,0.34235345001798123,0.0,6412,0
37,balanceado,Stratagem,False,Stratagem,0.0,0.14504136672864357,0,6357
38,balanceado,Stratagem,True,balanceado,0.20595160010270774,0.0,3531,0
39,balanceado,Stratagem,False,Stratagem,0.0,0.07634854991920292,0,1954
40,balanceado,Stratagem,True,balanceado,0.24301684997044504,0.0,4558,0
41,balanceado,Stratagem,False,Stratagem,0.0,0.08178394997958094,0,2207
42,balanceado,Stratagem,True,balanceado,0.20316196667651334,0.0,6343,0
43,balanceado,Stratagem,False,Stratagem,0.0,0.14164694992359728,0,3420
44,balanceado,Stratagem,True,balanceado,0.4361599498661235,0.0,8700,0
45,balanceado,Stratagem,False,Stratagem,0.0,0.07904850004706532,0,1947
46,balanceado,Stratagem,True,balanceado,0.4406241666680823,0.0,13715,0
47,balanceado,Stratagem,False,Stratagem,0.0,0.01117344992235303,0,313
48,balanceado,Stratagem,True,balanceado,0.4421604999806732,0.0,12310,0
49,balanceado,Stratagem,False,Stratagem,0.0,0.13162704999558628,0,3772
50,balanceado,Stratagem,True,Stratagem,0.30344245000742376,0.0,5667,0
51,balanceado,Stratagem,False,Stratagem,0.0,0.08626825001556426,0,2101
52,balanceado,Stratagem,True,balanceado,0.29293279990088195,0.0,5661,0
53,balanceado,Stratagem,False,Stratagem,0.0,0.05568970006424934,0,1482
54,balanceado,Stratagem,True,balanceado,0.509201250039041,0.0,10053,0
55,balanceado,Stratagem,False,Stratagem,0.0,0.12182629993185401,0,3162
56,balanceado,Stratagem,True,Stratagem,0.911842199973762,0.0,17885,0
57,balanceado,Stratagem,False,Stratagem,0.0,0.2812275500036776,0,7223
58,balanceado,Stratagem,True,balanceado,0.5151441998314112,0.0,11101,0
59,balanceado,Stratagem,False,Stratagem,0.0,0.16608929983340204,0,1926
60,balanceado,Stratagem,True,balanceado,0.43063255015295,0.0,8799,0
61,balanceado,Stratagem,False,Stratagem,0.0,0.05948530009482056,0,1455
62,balanceado,Stratagem,True,Stratagem,0.4968937332741916,0.0,15289,0
63,balanceado,Stratagem,False,balanceado,0.0,0.13480233338971934,0,4750
64,balanceado,Stratagem,True,Stratagem,0.7086713666406771,0.0,20730,0
65,balanceado,Stratagem,False,balanceado,0.0,0.08772706667271753,0,3151
66,balanceado,Stratagem,True,balanceado,0.30690396662491065,0.0,9585,0
67,balanceado,Stratagem,False,Stratagem,0.0,0.0951981667118768,0,3174
68,balanceado,Stratagem,True,balanceado,0.15060589998029172,0.0,3371,0
69,balanceado,Stratagem,False,Stratagem,0.0,0.05154274997767061,0,1305
70,balanceado,Stratagem,True,Stratagem,0.7423092334065586,0.0,21416,0
71,balanceado,Stratagem,False,balanceado,0.0,0.052382699912413955,0,1602
72,balanceado,Stratagem,True,balanceado,0.5192310500424355,0.0,11553,0
73,balanceado,Stratagem,False,balanceado,0.0,0.06375060005423923,0,2214
74,balanceado,Stratagem,True,Stratagem,0.6179697000188753,0.0,12557,0
75,balanceado,Stratagem,False,Stratagem,0.0,0.09136919991578907,0,1947
76,balanceado,Stratagem,True,Stratagem,0.4541966999725749,0.0,12678,0
77,balanceado,Stratagem,False,Stratagem,0.0,0.05193730001337826,0,1138
78,balanceado,Stratagem,True,Stratagem,0.4904643000724415,0.0,16239,0
79,balanceado,Stratagem,False,balanceado,0.0,0.027223666664212942,0,926
80,balanceado,Stratagem,True,balanceado,0.5651333500863984,0.0,12033,0
81,balanceado,Stratagem,False,Stratagem,0.0,0.19689575000666082,0,4882
82,balanceado,Stratagem,True,Stratagem,0.6784564665673921,0.0,19119,0
83,balanceado,Stratagem,False,balanceado,0.0,0.1634606666242083,0,4839
84,balanceado,Stratagem,True,balanceado,0.13808704999973997,0.0,5040,0
85,balanceado,Stratagem,False,balanceado,0.0,0.09339429996907711,0,2042
86,balanceado,Stratagem,True,Stratagem,0.7063555000349879,0.0,20730,0
87,balanceado,Stratagem,False,balanceado,0.0,9.670015424489975e-05,0,2
88,balanceado,Stratagem,True,balanceado,0.1840954499784857,0.0,3543,0
89,balanceado,Stratagem,False,Stratagem,0.0,0.3072862500557676,0,7861
90,balanceado,Stratagem,True,balanceado,1.0667996999109164,0.0,23063,0
91,balanceado,Stratagem,False,balanceado,0.0,0.031216700095683336,0,790
92,balanceado,Stratagem,True,balanceado,1.0204746501985937,0.0,21137,0
93,balanceado,Stratagem,False,balanceado,0.0,0.0001979998778551817,0,2
94,balanceado,Stratagem,True,Stratagem,0.22739560001840195,0.0,6719,0
95,balanceado,Stratagem,False,balanceado,0.0,9.609991684556007e-05,0,2
96,balanceado,Stratagem,True,balanceado,0.49132190000576276,0.0,15068,0
97,balanceado,Stratagem,False,balanceado,0.0,0.16179143342499933,0,4839
98,balanceado,Stratagem,True,balanceado,0.6661271000048146,0.0,13724,0
99,balanceado,Stratagem,False,Stratagem,0.0,0.14162254997063428,0,4411
0,agresivo,RandomAgent,True,agresivo,0.6525225000611196,0.0,19702,0
1,agresivo,RandomAgent,False,agresivo,0.0,0.00948930011751751,0,421
2,agresivo,RandomAgent,True,agresivo,0.3447232333322366,0.0,9841,0
3,agresivo,RandomAgent,False,agresivo,0.0,0.13298446669553718,0,4403
4,agresivo,RandomAgent,True,agresivo,0.3699520333514859,0.0,12718,0
5,agresivo,RandomAgent,False,agresivo,0.0,0.09963656666999061,0,4033
6,agresivo,RandomAgent,True,agresivo,0.32026090007275343,0.0,10845,0
7,agresivo,RandomAgent,False,agresivo,0.0,0.05361780000384897,0,1338
8,agresivo,RandomAgent,True,agresivo,0.5921901666248838,0.0,16702,0
9,agresivo,RandomAgent,False,agresivo,0.0,0.052839599937821426,0,1747
10,agresivo,RandomAgent,True,agresivo,0.2498924332515647,0.0,7637,0
11,agresivo,RandomAgent,False,agresivo,0.0,0.050364766735583544,0,1701
12,agresivo,RandomAgent,True,agresivo,0.37432870001066476,0.0,8145,0
13,agresivo,RandomAgent,False,agresivo,0.0,0.14849700002620617,0,5983
14,agresivo,RandomAgent,True,agresivo,0.18566449999343604,0.0,3849,0
15,agresivo,RandomAgent,False,agresivo,0.0,0.0034993333586802087,0,192
16,agresivo,RandomAgent,True,agresivo,0.3179990000401934,0.0,9838,0
17,agresivo,RandomAgent,False,agresivo,0.0,0.1648638000478968,0,4090
18,agresivo,RandomAgent,True,agresivo,0.8184110500151291,0.0,15655,0
19,agresivo,RandomAgent,False,agresivo,0.0,0.0061804001064350205,0,266
20,agresivo,RandomAgent,True,agresivo,0.13043106665524343,0.0,3713,0
21,agresivo,RandomAgent,False,agresivo,0.0,0.0749314334243536,0,2830
22,agresivo,RandomAgent,True,agresivo,0.31305140000768006,0.0,14060,0
23,agresivo,RandomAgent,False,agresivo,0.0,0.13681463322912654,0,4370
24,agresivo,RandomAgent,True,agresivo,0.2489741500467062,0.0,4896,0
25,agresivo,RandomAgent,False,agresivo,0.0,0.0419581332243979,0,1565
26,agresivo,RandomAgent,True,agresivo,0.4592584332761665,0.0,15397,0
27,agresivo,RandomAgent,False,agresivo,0.0,0.07052046665921807,0,2760
28,agresivo,RandomAgent,True,agresivo,0.48132189991883934,0.0,9739,0
29,agresivo,RandomAgent,False,agresivo,0.0,0.04659786665191253,0,1645
0,agresivo,Stratagem,True,Stratagem,0.6565500333284339,0.0,19965,0
1,agresivo,Stratagem,False,agresivo,0.0,0.22735795006155968,0,5764
2,agresivo,Stratagem,True,agresivo,0.3037554332986474,0.0,8587,0
3,agresivo,Stratagem,False,Stratagem,0.0,0.07374634989537299,0,2047
4,agresivo,Stratagem,True,agresivo,0.19976584997493774,0.0,3539,0
5,agresivo,Stratagem,False,agresivo,0.0,0.08786136664760609,0,2837
6,agresivo,Stratagem,True,agresivo,0.20467516671245298,0.0,5472,0
7,agresivo,Stratagem,False,agresivo,0.0,0.05189323332160711,0,1728
8,agresivo,Stratagem,True,Stratagem,0.39817793333592516,0.0,13776,0
9,agresivo,Stratagem,False,Stratagem,0.0,0.23942030011676252,0,5351
10,agresivo,Stratagem,True,Stratagem,0.58704789999562,0.0,17148,0
11,agresivo,Stratagem,False,Stratagem,0.0,0.09975940000731498,0,2688
12,agresivo,Stratagem,True,agresivo,0.21800079996076724,0.0,6426,0
13,agresivo,Stratagem,False,Stratagem,0.0,0.2450819999212399,0,5820
14,agresivo,Stratagem,True,Stratagem,0.29527549996661645,0.0,9686,0
15,agresivo,Stratagem,False,Stratagem,0.0,0.0,0,0
16,agresivo,Stratagem,True,agresivo,0.9886009000474587,0.0,21243,0
17,agresivo,Stratagem,False,agresivo,0.0,0.04279110006367167,0,1777
18,agresivo,Stratagem,True,agresivo,0.42814586660824716,0.0,12579,0
19,agresivo,Stratagem,False,agresivo,0.0,0.00010080006904900074,0,2
20,agresivo,Stratagem,True,agresivo,0.22516683326102793,0.0,6314,0
21,agresivo,Stratagem,False,Stratagem,0.0,0.3101356999250129,0,7387
22,agresivo,Stratagem,True,Stratagem,0.27052076657613117,0.0,8001,0
23,agresivo,Stratagem,False,Stratagem,0.0,0.05104605003725737,0,1053
24,agresivo,Stratagem,True,agresivo,0.47401630009214085,0.0,13759,0
25,agresivo,Stratagem,False,agresivo,0.0,0.13319854997098446,0,3327
26,agresivo,Stratagem,True,Stratagem,0.6115638000192121,0.0,12917,0
27,agresivo,Stratagem,False,agresivo,0.0,0.014107100083492696,0,377
28,agresivo,Stratagem,True,agresivo,0.31145099992863834,0.0,9660,0
29,agresivo,Stratagem,False,Stratagem,0.0,0.12983039999380708,0,2942
30,agresivo,Stratagem,True,agresivo,0.1619635665944467,0.0,4896,0
31,agresivo,Stratagem,False,agresivo,0.0,0.10917375003919005,0,2711
32,agresivo,Stratagem,True,agresivo,0.35128443338908255,0.0,10384,0
33,agresivo,Stratagem,False,agresivo,0.0,0.038058050093241036,0,902
34,agresivo,Stratagem,True,agresivo,0.2837564001092687,0.0,5592,0
35,agresivo,Stratagem,False,agresivo,0.0,0.04434453331244489,0,1123
36,agresivo,Stratagem,True,agresivo,0.29392305004876107,0.0,5988,0
37,agresivo,Stratagem,False,agresivo,0.0,0.00010069995187222958,0,2
38,agresivo,Stratagem,True,agresivo,0.22391545004211366,0.0,4182,0
39,agresivo,Stratagem,False,Stratagem,0.0,0.0555960499914363,0,1365
40,agresivo,Stratagem,True,Stratagem,0.4291170999640599,0.0,8517,0
41,agresivo,Stratagem,False,agresivo,0.0,9.539979510009289e-05,0,2
42,agresivo,Stratagem,True,agresivo,0.35589260002598166,0.0,9518,0
43,agresivo,Stratagem,False,agresivo,0.0,0.14945916668511927,0,4451
44,agresivo,Stratagem,True,Stratagem,0.1837420999072492,0.0,3777,0
45,agresivo,Stratagem,False,agresivo,0.0,0.23466319998260587,0,5764
46,agresivo,Stratagem,True,agresivo,0.2911055500153452,0.0,5988,0
47,agresivo,Stratagem,False,Stratagem,0.0,0.031853000012536846,0,1233
48,agresivo,Stratagem,True,agresivo,0.21859183333193263,0.0,6389,0
49,agresivo,Stratagem,False,Stratagem,0.0,0.20485624996945262,0,4947
50,agresivo,Stratagem,True,Stratagem,0.5548300499795005,0.0,10216,0
51,agresivo,Stratagem,False,Stratagem,0.0,0.08857040002476424,0,2295
52,agresivo,Stratagem,True,agresivo,0.18679646674233177,0.0,5049,0
53,agresivo,Stratagem,False,agresivo,0.0,0.40635840001050383,0,9728
54,agresivo,Stratagem,True,agresivo,0.4230212999973446,0.0,11986,0
55,agresivo,Stratagem,False,agresivo,0.0,0.010166833410039544,0,418
56,agresivo,Stratagem,True,agresivo,0.19365645002108067,0.0,3329,0
57,agresivo,Stratagem,False,Stratagem,0.0,0.05137350002769381,0,1287
58,agresivo,Stratagem,True,agresivo,0.5169166499981657,0.0,9829,0
59,agresivo,Stratagem,False,Stratagem,0.0,0.15294013327608505,0,5104
60,agresivo,Stratagem,True,Stratagem,0.29263123326624435,0.0,8497,0
61,agresivo,Stratagem,False,Stratagem,0.0,0.14364889997523278,0,3630
62,agresivo,Stratagem,True,agresivo,0.4726468666146199,0.0,14446,0
63,agresivo,Stratagem,False,agresivo,0.0,0.08215053340730567,0,2919
64,agresivo,Stratagem,True,agresivo,0.46452193334698677,0.0,13244,0
65,agresivo,Stratagem,False,agresivo,0.0,0.11837096667538087,0,4478
66,agresivo,Stratagem,True,agresivo,0.32252263332096237,0.0,9937,0
67,agresivo,Stratagem,False,agresivo,0.0,0.04133963328786194,0,1777
68,agresivo,Stratagem,True,agresivo,0.2573696499457583,0.0,5637,0
69,agresivo,Stratagem,False,agresivo,0.0,0.12190090003423393,0,4207
70,agresivo,Stratagem,True,agresivo,0.14710924995597452,0.0,3344,0
71,agresivo,Stratagem,False,agresivo,0.0,0.09070105012506247,0,2319
72,agresivo,Stratagem,True,Stratagem,0.48513176672471064,0.0,13637,0
73,agresivo,Stratagem,False,Stratagem,0.0,0.09452955005690455,0,2524
74,agresivo,Stratagem,True,agresivo,0.36227903336596984,0.0,10384,0
75,agresivo,Stratagem,False,Stratagem,0.0,0.09576834994368255,0,2725
76,agresivo,Stratagem,True,agresivo,0.22543133337361118,0.0,6394,0
77,agresivo,Stratagem,False,Stratagem,0.0,0.02458453333626191,0,1057
78,agresivo,Stratagem,True,agresivo,0.34171160007826984,0.0,9984,0
79,agresivo,Stratagem,False,Stratagem,0.0,0.005006833312412103,0,211
80,agresivo,Stratagem,True,agresivo,0.3387901501264423,0.0,6537,0
81,agresivo,Stratagem,False,agresivo,0.0,0.1107912000734359,0,2711
82,agresivo,Stratagem,True,agresivo,0.11342733330093324,0.0,3264,0
83,agresivo,Stratagem,False,agresivo,0.0,0.07975363335572183,0,2755
84,agresivo,Stratagem,True,agresivo,0.2808741501066834,0.0,5592,0
85,agresivo,Stratagem,False,Stratagem,0.0,0.01410433331814905,0,573
86,agresivo,Stratagem,True,agresivo,0.7963155499892309,0.0,17254,0
87,agresivo,Stratagem,False,Stratagem,0.0,0.07394755003042519,0,1906
88,agresivo,Stratagem,True,Stratagem,0.7086634666969379,0.0,21138,0
89,agresivo,Stratagem,False,agresivo,0.0,0.12296853330917656,0,4468
90,agresivo,Stratagem,True,agresivo,0.21640043333172798,0.0,6389,0
91,agresivo,Stratagem,False,Stratagem,0.0,0.13594775006640702,0,3860
92,agresivo,Stratagem,True,agresivo,0.0023063999445488057,0.0,87,0
93,agresivo,Stratagem,False,Stratagem,0.0,0.09684495010878891,0,2725
94,agresivo,Stratagem,True,Stratagem,0.3676345667336136,0.0,11518,0
95,agresivo,Stratagem,False,agresivo,0.0,0.00010369997471570969,0,2
96,agresivo,Stratagem,True,Stratagem,0.8752554000820965,0.0,26048,0
97,agresivo,Stratagem,False,Stratagem,0.0,0.0726547499652952,0,2030
98,agresivo,Stratagem,True,Stratagem,0.2793243000439058,0.0,9683,0
99,agresivo,Stratagem,False,Stratagem,0.0,0.05795010004658252,0,1455
0,posicional,RandomAgent,True,posicional,0.3786868500174023,0.0,15799,0
1,posicional,RandomAgent,False,posicional,0.0,0.10253034997731447,0,2818
2,posicional,RandomAgent,True,posicional,0.4284481001086533,0.0,9050,0
3,posicional,RandomAgent,False,posicional,0.0,0.16500653326511383,0,5351
4,posicional,RandomAgent,True,posicional,0.20711569992514947,0.0,6767,0
5,posicional,RandomAgent,False,posicional,0.0,0.015712799970060587,0,691
6,posicional,RandomAgent,True,posicional,0.2662979500601068,0.0,10643,0
7,posicional,RandomAgent,False,posicional,0.0,0.14717600005678833,0,3624
8,posicional,RandomAgent,True,posicional,0.24574147508246824,0.0,10494,0
9,posicional,RandomAgent,False,posicional,0.0,0.22186550001303354,0,7922
10,posicional,RandomAgent,True,posicional,0.39920183333257836,0.0,12723,0
11,posicional,RandomAgent,False,posicional,0.0,0.009456550003960729,0,250
12,posicional,RandomAgent,True,posicional,0.10520313338687022,0.0,4029,0
13,posicional,RandomAgent,False,posicional,0.0,0.20019103330560029,0,8289
14,posicional,RandomAgent,True,posicional,0.3731234334409237,0.0,12077,0
15,posicional,RandomAgent,False,posicional,0.0,0.22524823333757618,0,8376
16,posicional,RandomAgent,True,posicional,0.5457441499456763,0.0,11188,0
17,posicional,RandomAgent,False,posicional,0.0,0.13309739995747805,0,4201
18,posicional,RandomAgent,True,posicional,0.003981149988248944,0.0,108,0
19,posicional,RandomAgent,False,posicional,0.0,0.01849779998883605,0,213
20,posicional,RandomAgent,True,posicional,0.1715449665983518,0.0,5951,0
21,posicional,RandomAgent,False,posicional,0.0,0.11999389994889498,0,1380
22,posicional,RandomAgent,True,posicional,0.004261750029399991,0.0,108,0
23,posicional,RandomAgent,False,posicional,0.0,0.06711483335432906,0,2141
24,posicional,RandomAgent,True,posicional,0.26850524998735636,0.0,5329,0
25,posicional,RandomAgent,False,posicional,0.0,0.04980136671413978,0,2045
26,posicional,RandomAgent,True,posicional,0.1728450749651529,0.0,6612,0
27,posicional,RandomAgent,False,posicional,0.0,0.19495489991580447,0,6750
28,posicional,RandomAgent,True,posicional,0.5724374001147225,0.0,11794,0
29,posicional,RandomAgent,False,posicional,0.0,0.3734510000795126,0,8907
0,posicional,Stratagem,True,posicional,0.5042658667080104,0.0,16099,0
1,posicional,Stratagem,False,Stratagem,0.0,0.07818399998359382,0,1921
2,posicional,Stratagem,True,posicional,0.3451509000733495,0.0,9934,0
3,posicional,Stratagem,False,Stratagem,0.0,0.021628333410869043,0,973
4,posicional,Stratagem,True,posicional,0.29472990000310045,0.0,10290,0
5,posicional,Stratagem,False,posicional,0.0,0.056112166649351515,0,2102
6,posicional,Stratagem,True,posicional,0.9651885500643402,0.0,21832,0
7,posicional,Stratagem,False,posicional,0.0,0.08777226662884156,0,2591
8,posicional,Stratagem,True,posicional,0.865733049926348,0.0,19899,0
9,posicional,Stratagem,False,Stratagem,0.0,0.1315697500249371,0,3213
10,posicional,Stratagem,True,Stratagem,0.25483064993750304,0.0,5316,0
11,posicional,Stratagem,False,Stratagem,0.0,0.006645366627102097,0,284
12,posicional,Stratagem,True,posicional,0.20270323334261775,0.0,6127,0
13,posicional,Stratagem,False,Stratagem,0.0,0.07864870014600456,0,1921
14,posicional,Stratagem,True,posicional,0.18081070005428046,0.0,3480,0
15,posicional,Stratagem,False,posicional,0.0,0.08138263334209721,0,3133
16,posicional,Stratagem,True,posicional,0.33389569993596524,0.0,7409,0
17,posicional,Stratagem,False,posicional,0.0,0.06995845003984869,0,2231
18,posicional,Stratagem,True,Stratagem,0.13351186667568982,0.0,4216,0
19,posicional,Stratagem,False,posicional,0.0,0.05897203328398367,0,2162
20,posicional,Stratagem,True,posicional,0.29899233346804976,0.0,8817,0
21,posicional,Stratagem,False,posicional,0.0,0.06112173323829969,0,2162
22,posicional,Stratagem,True,posicional,0.4580128500238061,0.0,9532,0
23,posicional,Stratagem,False,Stratagem,0.0,0.03610939998179674,0,531
24,posicional,Stratagem,True,posicional,0.09566080003666382,0.0,2801,0
25,posicional,Stratagem,False,posicional,0.0,0.07055776667160292,0,2672
26,posicional,Stratagem,True,posicional,0.20755410008132458,0.0,3360,0
27,posicional,Stratagem,False,posicional,0.0,0.031162549974396825,0,790
28,posicional,Stratagem,True,posicional,0.2036850666627288,0.0,6186,0
29,posicional,Stratagem,False,posicional,0.0,0.06246900011319667,0,1380
30,posicional,Stratagem,True,posicional,0.1889153333225598,0.0,5609,0
31,posicional,Stratagem,False,Stratagem,0.0,0.21531630004756153,0,5491
32,posicional,Stratagem,True,Stratagem,0.2537638999832173,0.0,7578,0
33,posicional,Stratagem,False,Stratagem,0.0,0.1460593999363482,0,1755
34,posicional,Stratagem,True,Stratagem,0.7224844500888139,0.0,15289,0
35,posicional,Stratagem,False,Stratagem,0.0,0.048718050005845726,0,1324
36,posicional,Stratagem,True,posicional,0.48669649998191744,0.0,11553,0
37,posicional,Stratagem,False,posicional,0.0,0.12844030000269413,0,4535
38,posicional,Stratagem,True,posicional,0.16008200007490814,0.0,1800,0
39,posicional,Stratagem,False,posicional,0.0,0.09719823339643578,0,3751
40,posicional,Stratagem,True,posicional,0.860497200046666,0.0,19899,0
41,posicional,Stratagem,False,Stratagem,0.0,0.08076090004760772,0,2239
42,posicional,Stratagem,True,Stratagem,0.4574328000890091,0.0,9522,0
43,posicional,Stratagem,False,Stratagem,0.0,0.14947006665170193,0,6933
44,posicional,Stratagem,True,posicional,0.1999002667143941,0.0,6127,0
45,posicional,Stratagem,False,posicional,0.0,0.27771189995110035,0,7294
46,posicional,Stratagem,True,posicional,0.27856064995285124,0.0,5461,0
47,posicional,Stratagem,False,Stratagem,0.0,0.004898549988865852,0,167
48,posicional,Stratagem,True,posicional,0.39306453336030245,0.0,12601,0
49,posicional,Stratagem,False,posicional,0.0,0.11614700003216664,0,4016
50,posicional,Stratagem,True,posicional,0.09291030008656283,0.0,3439,0
51,posicional,Stratagem,False,posicional,0.0,0.012186700128950179,0,339
52,posicional,Stratagem,True,posicional,0.4611512500559911,0.0,9532,0
53,posicional,Stratagem,False,posicional,0.0,0.10775260010268539,0,2665
54,posicional,Stratagem,True,Stratagem,0.23531059990637004,0.0,7066,0
55,posicional,Stratagem,False,posicional,0.0,0.05357686670807501,0,1929
56,posicional,Stratagem,True,Stratagem,0.2295903666721036,0.0,7084,0
57,posicional,Stratagem,False,posicional,0.0,0.20446194999385625,0,5114
58,posicional,Stratagem,True,posicional,0.42979164991993457,0.0,8836,0
59,posicional,Stratagem,False,Stratagem,0.0,0.17474534991197288,0,4163
60,posicional,Stratagem,True,Stratagem,0.5703057999489829,0.0,12291,0
61,posicional,Stratagem,False,Stratagem,0.0,0.09424249990843236,0,2843
62,posicional,Stratagem,True,posicional,0.4558685999363661,0.0,9532,0
63,posicional,Stratagem,False,posicional,0.0,0.04933890013489872,0,1199
64,posicional,Stratagem,True,posicional,0.15811339998617768,0.0,1800,0
65,posicional,Stratagem,False,posicional,0.0,0.04926686664111912,0,1593
66,posicional,Stratagem,True,Stratagem,0.26009430006767315,0.0,7476,0
67,posicional,Stratagem,False,posicional,0.0,0.2601219000061974,0,6459
68,posicional,Stratagem,True,posicional,0.17762029997538775,0.0,3697,0
69,posicional,Stratagem,False,posicional,0.0,0.11230419995263219,0,4323
70,posicional,Stratagem,True,Stratagem,0.39639194996561855,0.0,8317,0
71,posicional,Stratagem,False,posicional,0.0,0.05618003328951696,0,2102
72,posicional,Stratagem,True,posicional,0.10980374994687736,0.0,2635,0
73,posicional,Stratagem,False,posicional,0.0,0.18743464990984648,0,5173
74,posicional,Stratagem,True,Stratagem,0.6389998999657109,0.0,13911,0
75,posicional,Stratagem,False,Stratagem,0.0,0.013305899919942021,0,261
76,posicional,Stratagem,True,posicional,0.001491333357989788,0.0,69,0
77,posicional,Stratagem,False,posicional,0.0,0.23674085002858192,0,5326
78,posicional,Stratagem,True,posicional,0.3386069000698626,0.0,7409,0
79,posicional,Stratagem,False,posicional,0.0,0.061477033188566566,0,2126
80,posicional,Stratagem,True,posicional,0.2059274665856113,0.0,7007,0
81,posicional,Stratagem,False,posicional,0.0,0.2634544000029564,0,7294
82,posicional,Stratagem,True,posicional,0.41949839994776994,0.0,8764,0
83,posicional,Stratagem,False,Stratagem,0.0,0.059226866656293474,0,2215
84,posicional,Stratagem,True,posicional,0.18798143339032927,0.0,6164,0
85,posicional,Stratagem,False,posicional,0.0,0.04868410003837198,0,1143
86,posicional,Stratagem,True,posicional,0.35622256660523516,0.0,11413,0
87,posicional,Stratagem,False,Stratagem,0.0,0.10457554995082319,0,2689
88,posicional,Stratagem,True,posicional,0.5689417000394315,0.0,11794,0
89,posicional,Stratagem,False,Stratagem,0.0,0.15501884988043457,0,4329
90,posicional,Stratagem,True,posicional,0.2659522999310866,0.0,5679,0
91,posicional,Stratagem,False,posicional,0.0,0.07089546664307515,0,2656
92,posicional,Stratagem,True,posicional,0.20596286662233373,0.0,6311,0
93,posicional,Stratagem,False,posicional,0.0,0.09247153329973419,0,2876
94,posicional,Stratagem,True,posicional,0.1628037333333244,0.0,4529,0
95,posicional,Stratagem,False,posicional,0.0,0.06774903337160747,0,2391
96,posicional,Stratagem,True,posicional,0.4200751999160275,0.0,8782,0
97,posicional,Stratagem,False,posicional,0.0,0.041181166733925544,0,1542
98,posicional,Stratagem,True,posicional,0.37891620001755655,0.0,11481,0
99,posicional,Stratagem,False,Stratagem,0.0,0.13854015001561493,0,3217
0,movilidad_pura,RandomAgent,True,movilidad_pura,0.47827666664185625,0.0,15750,0
1,movilidad_pura,RandomAgent,False,movilidad_pura,0.0,0.10312973335385323,0,3716
2,movilidad_pura,RandomAgent,True,movilidad_pura,0.6703048999576519,0.0,21300,0
3,movilidad_pura,RandomAgent,False,movilidad_pura,0.0,0.22388355003204197,0,5614
4,movilidad_pura,RandomAgent,True,movilidad_pura,0.6402569999918342,0.0,13910,0
5,movilidad_pura,RandomAgent,False,movilidad_pura,0.0,0.054295933339744806,0,2271
6,movilidad_pura,RandomAgent,True,movilidad_pura,0.24823943323766193,0.0,8158,0
7,movilidad_pura,RandomAgent,False,movilidad_pura,0.0,0.0011668666265904903,0,62
8,movilidad_pura,RandomAgent,True,movilidad_pura,0.14344906667247415,0.0,4620,0
9,movilidad_pura,RandomAgent,False,movilidad_pura,0.0,0.06574303330853581,0,2215
10,movilidad_pura,RandomAgent,True,movilidad_pura,0.12219876664069791,0.0,4118,0
11,movilidad_pura,RandomAgent,False,movilidad_pura,0.0,0.07979363327225049,0,2837
12,movilidad_pura,RandomAgent,True,movilidad_pura,0.1586610000425329,0.0,4941,0
13,movilidad_pura,RandomAgent,False,movilidad_pura,0.0,0.16559543328670165,0,6285
14,movilidad_pura,RandomAgent,True,movilidad_pura,0.36077623325400054,0.0,11098,0
15,movilidad_pura,RandomAgent,False,movilidad_pura,0.0,0.23941913332479695,0,9159
16,movilidad_pura,RandomAgent,True,movilidad_pura,0.36250193339462083,0.0,12091,0
17,movilidad_pura,RandomAgent,False,movilidad_pura,0.0,0.0011921500554308295,0,50
18,movilidad_pura,RandomAgent,True,movilidad_pura,0.23306643326456347,0.0,8354,0
19,movilidad_pura,RandomAgent,False,movilidad_pura,0.0,0.12892370003586015,0,5051
20,movilidad_pura,RandomAgent,True,movilidad_pura,0.18618879994998375,0.0,6515,0
21,movilidad_pura,RandomAgent,False,movilidad_pura,0.0,0.18993550003506243,0,5148
22,movilidad_pura,RandomAgent,True,movilidad_pura,0.11280692496802658,0.0,4819,0
23,movilidad_pura,RandomAgent,False,movilidad_pura,0.0,0.06620795000344515,0,1830
24,movilidad_pura,RandomAgent,True,movilidad_pura,0.1574112999563416,0.0,4775,0
25,movilidad_pura,RandomAgent,False,movilidad_pura,0.0,0.329560499987565,0,8288
26,movilidad_pura,RandomAgent,True,movilidad_pura,0.12254176669133206,0.0,3854,0
27,movilidad_pura,RandomAgent,False,movilidad_pura,0.0,0.1887556998990476,0,5794
28,movilidad_pura,RandomAgent,True,movilidad_pura,0.1224990332654367,0.0,4160,0
29,movilidad_pura,RandomAgent,False,movilidad_pura,0.0,0.28076229989528656,0,7361
0,movilidad_pura,Stratagem,True,movilidad_pura,0.4748915999662131,0.0,15561,0
1,movilidad_pura,Stratagem,False,movilidad_pura,0.0,9.520002640783787e-05,0,2
2,movilidad_pura,Stratagem,True,Stratagem,0.3333506000538667,0.0,9743,0
3,movilidad_pura,Stratagem,False,Stratagem,0.0,0.10295474983286113,0,2971
4,movilidad_pura,Stratagem,True,movilidad_pura,0.1567817999748513,0.0,3043,0
5,movilidad_pura,Stratagem,False,movilidad_pura,0.0,0.08958950010128319,0,3301
6,movilidad_pura,Stratagem,True,Stratagem,0.17296530003659427,0.0,3657,0
7,movilidad_pura,Stratagem,False,Stratagem,0.0,0.0522403500508517,0,1482
8,movilidad_pura,Stratagem,True,movilidad_pura,0.10217149986419827,0.0,2540,0
9,movilidad_pura,Stratagem,False,Stratagem,0.0,0.11993094999343157,0,3394
10,movilidad_pura,Stratagem,True,movilidad_pura,0.06724979992335041,0.0,2323,0
11,movilidad_pura,Stratagem,False,Stratagem,0.0,0.08804485003929585,0,2619
12,movilidad_pura,Stratagem,True,movilidad_pura,0.10261419997550547,0.0,2540,0
13,movilidad_pura,Stratagem,False,Stratagem,0.0,0.061737350071780384,0,1876
14,movilidad_pura,Stratagem,True,Stratagem,0.4392911666849007,0.0,13410,0
15,movilidad_pura,Stratagem,False,Stratagem,0.0,0.11941803339868784,0,5835
16,movilidad_pura,Stratagem,True,movilidad_pura,0.08290009999958177,0.0,2763,0
17,movilidad_pura,Stratagem,False,Stratagem,0.0,0.03816855000331998,0,1193
18,movilidad_pura,Stratagem,True,movilidad_pura,0.44039244996383786,0.0,10200,0
19,movilidad_pura,Stratagem,False,Stratagem,0.0,0.07994149997830391,0,2221
20,movilidad_pura,Stratagem,True,Stratagem,0.3283346500247717,0.0,7151,0
21,movilidad_pura,Stratagem,False,movilidad_pura,0.0,0.08179970000249644,0,3442
22,movilidad_pura,Stratagem,True,movilidad_pura,0.14697646660109362,0.0,4611,0
23,movilidad_pura,Stratagem,False,Stratagem,0.0,0.005065133407091101,0,225
24,movilidad_pura,Stratagem,True,movilidad_pura,0.2589570666508128,0.0,9064,0
25,movilidad_pura,Stratagem,False,Stratagem,0.0,0.12667289993260056,0,3434
26,movilidad_pura,Stratagem,True,movilidad_pura,0.10516229993663728,0.0,4271,0
27,movilidad_pura,Stratagem,False,Stratagem,0.0,0.007095749955624342,0,236
28,movilidad_pura,Stratagem,True,movilidad_pura,0.1338376000057906,0.0,4139,0
29,movilidad_pura,Stratagem,False,movilidad_pura,0.0,0.11027733337444563,0,4089
30,movilidad_pura,Stratagem,True,movilidad_pura,0.8843270001234487,0.0,20471,0
31,movilidad_pura,Stratagem,False,Stratagem,0.0,0.19077035004738718,0,5486
32,movilidad_pura,Stratagem,True,movilidad_pura,0.8789270999841392,0.0,20669,0
33,movilidad_pura,Stratagem,False,Stratagem,0.0,0.1506210999796167,0,4316
34,movilidad_pura,Stratagem,True,Stratagem,0.7148891501128674,0.0,15360,0
35,movilidad_pura,Stratagem,False,Stratagem,0.0,0.11951240000780672,0,3185
36,movilidad_pura,Stratagem,True,movilidad_pura,0.18559263336161771,0.0,5844,0
37,movilidad_pura,Stratagem,False,Stratagem,0.0,0.1932147501502186,0,5486
38,movilidad_pura,Stratagem,True,Stratagem,0.457591800019145,0.0,10274,0
39,movilidad_pura,Stratagem,False,Stratagem,0.0,0.07982539990916848,0,2424
40,movilidad_pura,Stratagem,True,movilidad_pura,0.48364940006285906,0.0,10549,0
41,movilidad_pura,Stratagem,False,movilidad_pura,0.0,0.08240733326723178,0,3442
42,movilidad_pura,Stratagem,True,movilidad_pura,0.0030214667009810605,0.0,126,0
43,movilidad_pura,Stratagem,False,Stratagem,0.0,0.038246899959631264,0,1112
44,movilidad_pura,Stratagem,True,movilidad_pura,0.161144525045529,0.0,6363,0
45,movilidad_pura,Stratagem,False,movilidad_pura,0.0,0.0002030001487582922,0,2
46,movilidad_pura,Stratagem,True,movilidad_pura,0.2809482499724254,0.0,4003,0
47,movilidad_pura,Stratagem,False,Stratagem,0.0,0.0,0,0
48,movilidad_pura,Stratagem,True,Stratagem,0.5810799499740824,0.0,11539,0
49,movilidad_pura,Stratagem,False,movilidad_pura,0.0,0.11046310001984239,0,4089
50,movilidad_pura,Stratagem,True,movilidad_pura,0.23257636666918793,0.0,5761,0
51,movilidad_pura,Stratagem,False,Stratagem,0.0,0.0514036500826478,0,1355
52,movilidad_pura,Stratagem,True,movilidad_pura,0.6349356501596048,0.0,14977,0
53,movilidad_pura,Stratagem,False,Stratagem,0.0,0.0178089999826625,0,521
54,movilidad_pura,Stratagem,True,movilidad_pura,0.35376306662025553,0.0,10716,0
55,movilidad_pura,Stratagem,False,movilidad_pura,0.0,0.10745543334633112,0,4371
56,movilidad_pura,Stratagem,True,movilidad_pura,0.40484563338880736,0.0,13773,0
57,movilidad_pura,Stratagem,False,Stratagem,0.0,0.05771954997908324,0,1566
58,movilidad_pura,Stratagem,True,movilidad_pura,0.3505353666841984,0.0,10716,0
59,movilidad_pura,Stratagem,False,movilidad_pura,0.0,0.03782673335323731,0,1761
60,movilidad_pura,Stratagem,True,movilidad_pura,0.24976400006562471,0.0,7041,0
61,movilidad_pura,Stratagem,False,Stratagem,0.0,0.03049255011137575,0,955
62,movilidad_pura,Stratagem,True,movilidad_pura,0.08261923336734374,0.0,2763,0
63,movilidad_pura,Stratagem,False,Stratagem,0.0,0.15263989998493344,0,3890
64,movilidad_pura,Stratagem,True,movilidad_pura,0.37923199993868667,0.0,13205,0
65,movilidad_pura,Stratagem,False,movilidad_pura,0.0,0.06415893339241545,0,2380
66,movilidad_pura,Stratagem,True,movilidad_pura,0.345142133301124,0.0,10716,0
67,movilidad_pura,Stratagem,False,movilidad_pura,0.0,0.08347526673848431,0,3301
68,movilidad_pura,Stratagem,True,movilidad_pura,0.1421089000068605,0.0,1650,0
69,movilidad_pura,Stratagem,False,Stratagem,0.0,0.15097449999302626,0,4316
70,movilidad_pura,Stratagem,True,movilidad_pura,0.3234441999811679,0.0,6933,0
71,movilidad_pura,Stratagem,False,movilidad_pura,0.0,0.1299977666543176,0,5135
72,movilidad_pura,Stratagem,True,movilidad_pura,0.255964033305645,0.0,7809,0
73,movilidad_pura,Stratagem,False,movilidad_pura,0.0,0.06743166657785575,0,2486
74,movilidad_pura,Stratagem,True,movilidad_pura,0.2057856998872012,0.0,4297,0
75,movilidad_pura,Stratagem,False,Stratagem,0.0,0.25388155004475266,0,7145
76,movilidad_pura,Stratagem,True,movilidad_pura,0.1424107002094388,0.0,1650,0
77,movilidad_pura,Stratagem,False,Stratagem,0.0,0.03878870001062751,0,1193
78,movilidad_pura,Stratagem,True,movilidad_pura,0.27954213328969973,0.0,8468,0
79,movilidad_pura,Stratagem,False,Stratagem,0.0,0.0048044666182249784,0,211
80,movilidad_pura,Stratagem,True,movilidad_pura,0.3423723999876529,0.0,11421,0
81,movilidad_pura,Stratagem,False,movilidad_pura,0.0,9.019998833537102e-05,0,2
82,movilidad_pura,Stratagem,True,movilidad_pura,0.47306614997796714,0.0,11083,0
83,movilidad_pura,Stratagem,False,movilidad_pura,0.0,0.13244993332773447,0,4464
84,movilidad_pura,Stratagem,True,Stratagem,0.17786546664622924,0.0,5698,0
85,movilidad_pura,Stratagem,False,movilidad_pura,0.0,0.08333906663271289,0,3442
86,movilidad_pura,Stratagem,True,movilidad_pura,0.17673203333591422,0.0,5636,0
87,movilidad_pura,Stratagem,False,Stratagem,0.0,0.22360995004419237,0,6366
88,movilidad_pura,Stratagem,True,movilidad_pura,0.3532407999349137,0.0,10737,0
89,movilidad_pura,Stratagem,False,Stratagem,0.0,0.05637775000650436,0,1552
90,movilidad_pura,Stratagem,True,movilidad_pura,0.3370454000153889,0.0,10988,0
91,movilidad_pura,Stratagem,False,Stratagem,0.0,0.08600960008334368,0,2264
92,movilidad_pura,Stratagem,True,movilidad_pura,0.15795364987570792,0.0,3043,0
93,movilidad_pura,Stratagem,False,movilidad_pura,0.0,0.08719173329882324,0,2700
94,movilidad_pura,Stratagem,True,movilidad_pura,0.21395404997747391,0.0,4297,0
95,movilidad_pura,Stratagem,False,Stratagem,0.0,0.051266799913719296,0,1386
96,movilidad_pura,Stratagem,True,movilidad_pura,0.4403840999584645,0.0,10288,0
97,movilidad_pura,Stratagem,False,Stratagem,0.0,0.10390464996453375,0,2987
98,movilidad_pura,Stratagem,True,Stratagem,0.16112045000772923,0.0,3398,0
99,movilidad_pura,Stratagem,False,Stratagem,0.0,0.04603724996559322,0,1256
0,mixto,RandomAgent,True,mixto,0.6878555999913564,0.0,20275,0
1,mixto,RandomAgent,False,mixto,0.0,0.09652453327241044,0,3354
2,mixto,RandomAgent,True,mixto,0.2730297666663925,0.0,7813,0
3,mixto,RandomAgent,False,mixto,0.0,0.02819384995382279,0,703
4,mixto,RandomAgent,True,mixto,0.10661646661659081,0.0,2961,0
5,mixto,RandomAgent,False,mixto,0.0,0.13786773337051272,0,4570
6,mixto,RandomAgent,True,mixto,0.17262797500006855,0.0,6670,0
7,mixto,RandomAgent,False,mixto,0.0,0.0781259333404402,0,2366
8,mixto,RandomAgent,True,mixto,0.10302882507676259,0.0,4043,0
9,mixto,RandomAgent,False,mixto,0.0,0.17096930004966757,0,6112
10,mixto,RandomAgent,True,mixto,0.3278485000288735,0.0,9452,0
11,mixto,RandomAgent,False,mixto,0.0,0.1803723000921309,0,4147
12,mixto,RandomAgent,True,mixto,0.38416143343783915,0.0,10816,0
13,mixto,RandomAgent,False,mixto,0.0,0.039114550105296075,0,934
14,mixto,RandomAgent,True,mixto,0.11967349991512795,0.0,3442,0
15,mixto,RandomAgent,False,mixto,0.0,0.15368749992921948,0,3868
16,mixto,RandomAgent,True,mixto,0.3370432499796152,0.0,6520,0
17,mixto,RandomAgent,False,mixto,0.0,0.02435255004093051,0,543
18,mixto,RandomAgent,True,mixto,0.010482799960300326,0.0,141,0
19,mixto,RandomAgent,False,mixto,0.0,0.17578420004186532,0,6841
20,mixto,RandomAgent,True,mixto,0.13733523331272104,0.0,3757,0
21,mixto,RandomAgent,False,mixto,0.0,0.06324749998748302,0,2413
22,mixto,RandomAgent,True,mixto,0.35036636671672267,0.0,10962,0
23,mixto,RandomAgent,False,mixto,0.0,0.138709633378312,0,5005
24,mixto,RandomAgent,True,mixto,0.10610813329306741,0.0,3688,0
25,mixto,RandomAgent,False,mixto,0.0,0.008866333325083057,0,293
26,mixto,RandomAgent,True,mixto,0.48457707499619573,0.0,19412,0
27,mixto,RandomAgent,False,mixto,0.0,0.09631050005555153,0,2414
28,mixto,RandomAgent,True,mixto,0.10153979994356632,0.0,3412,0
29,mixto,RandomAgent,False,mixto,0.0,0.01871109986677766,0,237
0,mixto,Stratagem,True,Stratagem,0.6859160001234462,0.0,20202,0
1,mixto,Stratagem,False,Stratagem,0.0,0.0,0,0
2,mixto,Stratagem,True,mixto,0.5047013500006869,0.0,10813,0
3,mixto,Stratagem,False,Stratagem,0.0,0.1356456499779597,0,3340
4,mixto,Stratagem,True,Stratagem,0.8801523499423638,0.0,17666,0
5,mixto,Stratagem,False,mixto,0.0,0.10478265001438558,0,2447
6,mixto,Stratagem,True,Stratagem,0.46571543339329463,0.0,15420,0
7,mixto,Stratagem,False,mixto,0.0,0.08951646671630442,0,2471
8,mixto,Stratagem,True,mixto,0.5126561000167081,0.0,14947,0
9,mixto,Stratagem,False,mixto,0.0,0.12178645003587008,0,2866
10,mixto,Stratagem,True,mixto,0.16917314985767007,0.0,3195,0
11,mixto,Stratagem,False,Stratagem,0.0,0.05474465002771467,0,1381
12,mixto,Stratagem,True,Stratagem,0.1730438000522554,0.0,3636,0
13,mixto,Stratagem,False,Stratagem,0.0,0.12825205002445728,0,3485
14,mixto,Stratagem,True,mixto,0.488683466721947,0.0,14009,0
15,mixto,Stratagem,False,Stratagem,0.0,0.06957896674672763,0,3000
16,mixto,Stratagem,True,mixto,0.6061537499772385,0.0,12191,0
17,mixto,Stratagem,False,Stratagem,0.0,0.16358390008099377,0,2256
18,mixto,Stratagem,True,mixto,0.4734032000415027,0.0,9247,0
19,mixto,Stratagem,False,Stratagem,0.0,0.015688099898397923,0,261
20,mixto,Stratagem,True,Stratagem,0.2755490498384461,0.0,5211,0
21,mixto,Stratagem,False,Stratagem,0.0,0.08755459997337312,0,2361
22,mixto,Stratagem,True,mixto,0.1887380500556901,0.0,3697,0
23,mixto,Stratagem,False,Stratagem,0.0,0.16641360009089112,0,4408
24,mixto,Stratagem,True,mixto,0.3732586666786422,0.0,9672,0
25,mixto,Stratagem,False,Stratagem,0.0,0.04707704996690154,0,1138
26,mixto,Stratagem,True,mixto,0.17960999999195337,0.0,5296,0
27,mixto,Stratagem,False,Stratagem,0.0,0.010991699993610382,0,313
28,mixto,Stratagem,True,mixto,0.2907073500100523,0.0,5783,0
29,mixto,Stratagem,False,mixto,0.0,0.24042585003189743,0,5909
30,mixto,Stratagem,True,Stratagem,0.47007100004702806,0.0,15955,0
31,mixto,Stratagem,False,Stratagem,0.0,0.036607466638088226,0,1191
32,mixto,Stratagem,True,Stratagem,0.5829670000821352,0.0,12000,0
33,mixto,Stratagem,False,mixto,0.0,0.15985139994882047,0,4732
34,mixto,Stratagem,True,mixto,0.5184814999811351,0.0,11101,0
35,mixto,Stratagem,False,Stratagem,0.0,0.20362070004921407,0,5368
36,mixto,Stratagem,True,mixto,0.605051549966447,0.0,12191,0
37,mixto,Stratagem,False,Stratagem,0.0,0.2209712500916794,0,5446
38,mixto,Stratagem,True,mixto,0.19231760001275688,0.0,3563,0
39,mixto,Stratagem,False,mixto,0.0,0.15924259996972978,0,4148
40,mixto,Stratagem,True,mixto,0.37121723328406614,0.0,11070,0
41,mixto,Stratagem,False,mixto,0.0,0.05007155006751418,0,1152
42,mixto,Stratagem,True,mixto,0.05595190000409881,0.0,2019,0
43,mixto,Stratagem,False,mixto,0.0,0.07246770011261106,0,1641
44,mixto,Stratagem,True,mixto,0.16523863336381814,0.0,4820,0
45,mixto,Stratagem,False,Stratagem,0.0,0.07502439990639687,0,2064
46,mixto,Stratagem,True,mixto,0.6533868665962169,0.0,20033,0
47,mixto,Stratagem,False,Stratagem,0.0,0.07229505013674498,0,1948
48,mixto,Stratagem,True,mixto,0.44169535010587424,0.0,8655,0
49,mixto,Stratagem,False,Stratagem,0.0,0.14263635000679642,0,3470
50,mixto,Stratagem,True,Stratagem,0.5184824499301612,0.0,9983,0
51,mixto,Stratagem,False,mixto,0.0,0.07864520000293851,0,2649
52,mixto,Stratagem,True,mixto,0.9618474500020966,0.0,20500,0
53,mixto,Stratagem,False,Stratagem,0.0,0.12212654994800687,0,3078
54,mixto,Stratagem,True,mixto,0.20510479994118214,0.0,3683,0
55,mixto,Stratagem,False,Stratagem,0.0,0.051819599932059646,0,1301
56,mixto,Stratagem,True,mixto,0.5173161999555305,0.0,11553,0
57,mixto,Stratagem,False,mixto,0.0,0.11469649981396894,0,4154
58,mixto,Stratagem,True,mixto,0.4241907000541687,0.0,8599,0
59,mixto,Stratagem,False,mixto,0.0,0.13814184989314526,0,2889
60,mixto,Stratagem,True,mixto,0.10734503335940342,0.0,3685,0
61,mixto,Stratagem,False,mixto,0.0,0.03384796669706702,0,1175
62,mixto,Stratagem,True,mixto,0.48736526669623953,0.0,14881,0
63,mixto,Stratagem,False,Stratagem,0.0,0.07090524991508573,0,1856
64,mixto,Stratagem,True,mixto,0.30248864996246994,0.0,6067,0
65,mixto,Stratagem,False,Stratagem,0.0,0.11900620011147112,0,3162
66,mixto,Stratagem,True,mixto,0.3845210666768253,0.0,11176,0
67,mixto,Stratagem,False,Stratagem,0.0,0.13568039995152503,0,3340
68,mixto,Stratagem,True,mixto,0.13310119998641312,0.0,3836,0
69,mixto,Stratagem,False,mixto,0.0,0.10614295001141727,0,2447
70,mixto,Stratagem,True,mixto,0.5762512000122418,0.0,16483,0
71,mixto,Stratagem,False,Stratagem,0.0,0.10702770005445927,0,2969
72,mixto,Stratagem,True,mixto,0.13345599997167787,0.0,3836,0
73,mixto,Stratagem,False,Stratagem,0.0,0.36787435004953295,0,9006
74,mixto,Stratagem,True,mixto,0.35448833329913515,0.0,9922,0
75,mixto,Stratagem,False,Stratagem,0.0,0.05825096663708488,0,2139
76,mixto,Stratagem,True,mixto,0.15080203325487673,0.0,4523,0
77,mixto,Stratagem,False,mixto,0.0,0.03291573328897357,0,1175
78,mixto,Stratagem,True,Stratagem,0.47053336662550765,0.0,13678,0
79,mixto,Stratagem,False,mixto,0.0,0.32842925004661083,0,7558
80,mixto,Stratagem,True,mixto,0.3459135666489601,0.0,9928,0
81,mixto,Stratagem,False,mixto,0.0,0.16815739994247755,0,6094
82,mixto,Stratagem,True,Stratagem,0.31968416661644977,0.0,9280,0
83,mixto,Stratagem,False,mixto,0.0,0.10546180012170225,0,2447
84,mixto,Stratagem,True,Stratagem,0.5844542999984697,0.0,10757,0
85,mixto,Stratagem,False,Stratagem,0.0,0.04167195002082735,0,1112
86,mixto,Stratagem,True,mixto,1.065132699906826,0.0,22840,0
87,mixto,Stratagem,False,Stratagem,0.0,0.07275875005871058,0,2077
88,mixto,Stratagem,True,mixto,0.3244509750511497,0.0,14759,0
89,mixto,Stratagem,False,mixto,0.0,9.370013140141964e-05,0,2
90,mixto,Stratagem,True,mixto,0.42357999994419515,0.0,11064,0
91,mixto,Stratagem,False,Stratagem,0.0,0.08258940000087023,0,1968
92,mixto,Stratagem,True,mixto,0.15108313341625035,0.0,4523,0
93,mixto,Stratagem,False,mixto,0.0,0.06259106666160126,0,2148
94,mixto,Stratagem,True,Stratagem,0.5808326001279056,0.0,12000,0
95,mixto,Stratagem,False,mixto,0.0,9.329989552497864e-05,0,2
96,mixto,Stratagem,True,mixto,0.2882733498699963,0.0,5660,0
97,mixto,Stratagem,False,mixto,0.0,0.08007416656861703,0,2765
98,mixto,Stratagem,True,mixto,0.3925272333435714,0.0,12584,0
99,mixto,Stratagem,False,Stratagem,0.0,0.28367920010350645,0,7212
